subID,subject,visits
100427a,100427,1
100427b,100427,2
100427c,100427,3
103201a,103201,1
103201b,103201,2
103201c,103201,3
109323a,109323,1
109323b,109323,2
109323c,109323,3
109353a,109353,1
109353b,109353,2
109353c,109353,3
500005-746a,500005-746,1
500005-746b,500005-746,2
500005-746c,500005-746,3
500006-031a,500006-031,1
500006-031b,500006-031,2
500006-031c,500006-031,3
500006-210a,500006-210,1
500006-210b,500006-210,2
500006-210c,500006-210,3
500006-266a,500006-266,1
500006-266b,500006-266,2
500006-266c,500006-266,3
S0038_1,S0038,1
S0038_2,S0038,2
S0038_3,S0038,3
